timestamp,city,avg_temp,humidity,wind_kph
2024-05-24,Kabul,22.8,36,24.8
2024-05-25,Kabul,22.5,38,24.1
2024-05-26,Kabul,20.7,35,30.6
2024-05-27,Kabul,20.5,29,21.6
2024-05-28,Kabul,19.5,30,38.2
2024-05-29,Kabul,18.6,26,33.5
2024-05-30,Kabul,18.8,27,23.0
2024-05-31,Kabul,17.5,23.6,31.0
2024-05-24,Tirana,17.0,67,13.0
2024-05-25,Tirana,18.9,71,14.0
2024-05-26,Tirana,18.3,68,13.0
2024-05-27,Tirana,17.8,76,14.4
2024-05-28,Tirana,17.5,75,13.7
2024-05-29,Tirana,17.7,77,11.2
2024-05-30,Tirana,18.0,73,11.5
2024-05-31,Tirana,17.9,77.7,11.6
2024-05-24,Algiers,22.2,52,19.4
2024-05-25,Algiers,20.7,67,15.8
2024-05-26,Algiers,22.9,45,17.3
2024-05-27,Algiers,24.7,42,15.8
2024-05-28,Algiers,20.9,69,19.8
2024-05-29,Algiers,21.2,63,19.8
2024-05-30,Algiers,24.4,44,16.9
2024-05-31,Algiers,23.2,53.4,18.3
2024-05-24,Andorra la Vella,6.6,89,12.6
2024-05-25,Andorra la Vella,9.8,71,11.2
2024-05-26,Andorra la Vella,11.1,71,17.6
2024-05-27,Andorra la Vella,9.6,89,11.5
2024-05-28,Andorra la Vella,11.7,74,6.8
2024-05-29,Andorra la Vella,12.3,68,6.8
2024-05-30,Andorra la Vella,11.2,87,11.5
2024-05-31,Andorra la Vella,13.1,77.1,7.9
2024-05-24,Luanda,24.8,80,20.9
2024-05-25,Luanda,25.1,81,20.2
2024-05-26,Luanda,25.0,83,22.7
2024-05-27,Luanda,25.1,83,22.7
2024-05-28,Luanda,25.3,83,27.7
2024-05-29,Luanda,25.4,83,23.8
2024-05-30,Luanda,25.1,80,26.6
2024-05-31,Luanda,25.4,82.4,27.7
2024-05-24,Saint John's,28.4,74,28.8
2024-05-25,Saint John's,28.6,75,24.1
2024-05-26,Saint John's,28.4,79,25.9
2024-05-27,Saint John's,28.8,75,28.8
2024-05-28,Saint John's,28.3,75,25.9
2024-05-29,Saint John's,28.0,77,26.6
2024-05-30,Saint John's,28.0,78,28.1
2024-05-31,Saint John's,28.0,77.9,27.3
2024-05-24,Buenos Aires,9.4,63,16.9
2024-05-25,Buenos Aires,7.4,58,11.2
2024-05-26,Buenos Aires,9.0,63,11.5
2024-05-27,Buenos Aires,9.6,63,10.1
2024-05-28,Buenos Aires,9.6,71,7.2
2024-05-29,Buenos Aires,13.0,80,13.7
2024-05-30,Buenos Aires,14.2,74,7.9
2024-05-31,Buenos Aires,14.1,79.6,7.5
2024-05-24,Yerevan,16.1,69,19.1
2024-05-25,Yerevan,13.3,78,27.0
2024-05-26,Yerevan,15.1,70,10.1
2024-05-27,Yerevan,18.5,56,9.7
2024-05-28,Yerevan,19.5,54,17.3
2024-05-29,Yerevan,21.6,51,13.7
2024-05-30,Yerevan,21.2,51,23.4
2024-05-31,Yerevan,23.1,43.6,16.3
2024-05-24,Canberra,7.2,72,5.8
2024-05-25,Canberra,8.5,83,6.1
2024-05-26,Canberra,8.6,79,10.4
2024-05-27,Canberra,7.6,70,5.4
2024-05-28,Canberra,8.4,60,6.5
2024-05-29,Canberra,9.2,63,16.2
2024-05-30,Canberra,10.8,77,24.8
2024-05-31,Canberra,10.3,65.7,21.2
2024-05-24,Vienna,16.3,82,15.5
2024-05-25,Vienna,17.3,77,19.8
2024-05-26,Vienna,18.1,72,17.3
2024-05-27,Vienna,19.6,60,19.8
2024-05-28,Vienna,15.3,79,22.7
2024-05-29,Vienna,16.8,61,17.3
2024-05-30,Vienna,17.1,68,11.9
2024-05-31,Vienna,17.0,61.7,16.3
2024-05-24,Baku,18.7,61,24.1
2024-05-25,Baku,18.6,65,36.4
2024-05-26,Baku,20.0,56,31.7
2024-05-27,Baku,20.0,59,38.9
2024-05-28,Baku,21.3,45,29.9
2024-05-29,Baku,22.3,48,26.6
2024-05-30,Baku,24.0,43,20.9
2024-05-31,Baku,24.2,39.7,25.4
2024-05-24,Nassau,26.1,66,14.8
2024-05-25,Nassau,26.7,72,21.6
2024-05-26,Nassau,26.8,75,20.2
2024-05-27,Nassau,27.4,74,26.3
2024-05-28,Nassau,27.3,72,26.3
2024-05-29,Nassau,27.7,74,25.2
2024-05-30,Nassau,27.8,72,22.0
2024-05-31,Nassau,28.2,74.9,27.3
2024-05-24,Manama,30.7,56,24.1
2024-05-25,Manama,31.3,53,17.6
2024-05-26,Manama,31.7,56,22.3
2024-05-27,Manama,30.6,60,38.2
2024-05-28,Manama,30.9,58,39.2
2024-05-29,Manama,31.8,56,32.8
2024-05-30,Manama,31.5,61,24.1
2024-05-31,Manama,31.6,60.4,35.1
2024-05-24,Dhaka,35.2,47,14.0
2024-05-25,Dhaka,33.5,57,28.8
2024-05-26,Dhaka,28.7,74,42.8
2024-05-27,Dhaka,25.9,89,55.1
2024-05-28,Dhaka,25.9,89,46.4
2024-05-29,Dhaka,30.9,81,29.2
2024-05-30,Dhaka,31.2,74,33.5
2024-05-31,Dhaka,27.3,93.6,44.7
2024-05-24,Bridgetown,28.0,73,26.6
2024-05-25,Bridgetown,28.2,80,32.0
2024-05-26,Bridgetown,28.2,79,29.9
2024-05-27,Bridgetown,28.3,76,31.0
2024-05-28,Bridgetown,28.2,76,29.9
2024-05-29,Bridgetown,28.2,76,30.2
2024-05-30,Bridgetown,27.9,77,31.0
2024-05-31,Bridgetown,28.1,76.9,31.5
2024-05-24,Minsk,16.3,80,23.4
2024-05-25,Minsk,16.4,74,19.4
2024-05-26,Minsk,16.1,66,13.0
2024-05-27,Minsk,18.1,60,10.8
2024-05-28,Minsk,18.1,72,13.3
2024-05-29,Minsk,17.7,76,12.2
2024-05-30,Minsk,16.0,84,20.5
2024-05-31,Minsk,17.5,76.3,12.8
2024-05-24,Brussels,14.8,83,12.2
2024-05-25,Brussels,14.8,83,10.8
2024-05-26,Brussels,15.0,82,22.3
2024-05-27,Brussels,13.3,76,19.1
2024-05-28,Brussels,11.9,88,28.1
2024-05-29,Brussels,14.7,84,29.5
2024-05-30,Brussels,12.5,89,19.8
2024-05-31,Brussels,12.4,87.3,29.7
2024-05-24,Belmopan,28.1,75,15.1
2024-05-25,Belmopan,27.9,79,14.0
2024-05-26,Belmopan,28.7,74,15.5
2024-05-27,Belmopan,29.1,74,15.1
2024-05-28,Belmopan,29.2,74,15.8
2024-05-29,Belmopan,29.0,72,16.2
2024-05-30,Belmopan,29.5,66,15.8
2024-05-31,Belmopan,29.8,67.6,16.3
2024-05-24,Porto-Novo,28.3,78,19.1
2024-05-25,Porto-Novo,27.6,81,15.5
2024-05-26,Porto-Novo,27.9,76,17.6
2024-05-27,Porto-Novo,28.3,73,17.3
2024-05-28,Porto-Novo,27.7,77,17.6
2024-05-29,Porto-Novo,28.8,70,21.6
2024-05-30,Porto-Novo,29.2,70,20.2
2024-05-31,Porto-Novo,29.0,68.6,20.6
2024-05-24,Thimphu,14.2,70,10.8
2024-05-25,Thimphu,15.1,73,7.9
2024-05-26,Thimphu,16.4,69,13.3
2024-05-27,Thimphu,12.8,83,6.5
2024-05-28,Thimphu,12.8,88,4.3
2024-05-29,Thimphu,13.6,89,7.2
2024-05-30,Thimphu,14.0,77,8.6
2024-05-31,Thimphu,13.1,88.7,5.9
2024-05-24,Sucre,12.7,72,17.3
2024-05-25,Sucre,11.0,75,15.1
2024-05-26,Sucre,12.2,52,16.9
2024-05-27,Sucre,12.2,49,16.2
2024-05-28,Sucre,10.7,62,11.5
2024-05-29,Sucre,12.7,44,10.1
2024-05-30,Sucre,13.7,42,11.5
2024-05-31,Sucre,12.9,36.3,9.4
2024-05-24,Sarajevo,13.7,82,6.1
2024-05-25,Sarajevo,15.1,78,7.9
2024-05-26,Sarajevo,13.0,89,5.0
2024-05-27,Sarajevo,14.5,81,5.4
2024-05-28,Sarajevo,15.1,69,7.6
2024-05-29,Sarajevo,12.7,90,7.6
2024-05-30,Sarajevo,15.0,82,8.6
2024-05-31,Sarajevo,14.3,82.1,8.2
2024-05-24,Gaborone,19.0,29,8.3
2024-05-25,Gaborone,18.1,29,13.0
2024-05-26,Gaborone,18.2,26,5.4
2024-05-27,Gaborone,18.7,24,11.9
2024-05-28,Gaborone,16.7,40,13.0
2024-05-29,Gaborone,17.1,41,9.0
2024-05-30,Gaborone,17.5,34,14.4
2024-05-31,Gaborone,16.8,39.4,13.3
2024-05-24,Brasília,23.1,49,12.6
2024-05-25,Brasília,22.5,48,12.6
2024-05-26,Brasília,21.5,46,16.2
2024-05-27,Brasília,21.2,47,17.3
2024-05-28,Brasília,21.9,47,13.3
2024-05-29,Brasília,22.1,47,11.9
2024-05-30,Brasília,21.8,47,12.6
2024-05-31,Brasília,21.4,46.3,13.2
2024-05-24,Bandar Seri Begawan,27.6,83,9.0
2024-05-25,Bandar Seri Begawan,27.8,80,11.5
2024-05-26,Bandar Seri Begawan,27.8,82,11.2
2024-05-27,Bandar Seri Begawan,26.5,90,17.3
2024-05-28,Bandar Seri Begawan,27.8,77,10.8
2024-05-29,Bandar Seri Begawan,25.8,90,13.3
2024-05-30,Bandar Seri Begawan,28.2,74,10.1
2024-05-31,Bandar Seri Begawan,27.0,80.6,12.8
2024-05-24,Sofia,13.2,86,10.4
2024-05-25,Sofia,14.1,75,18.4
2024-05-26,Sofia,13.6,78,17.3
2024-05-27,Sofia,13.1,70,17.3
2024-05-28,Sofia,13.0,79,7.6
2024-05-29,Sofia,13.5,79,13.0
2024-05-30,Sofia,15.0,73,7.2
2024-05-31,Sofia,14.2,72.9,8.7
2024-05-24,Ouagadougou,34.2,38,25.2
2024-05-25,Ouagadougou,35.7,34,27.4
2024-05-26,Ouagadougou,33.8,42,36.0
2024-05-27,Ouagadougou,35.0,37,20.9
2024-05-28,Ouagadougou,36.4,33,23.4
2024-05-29,Ouagadougou,35.1,38,25.9
2024-05-30,Ouagadougou,32.4,48,28.4
2024-05-31,Ouagadougou,34.1,42.7,25.9
2024-05-24,Gitega,17.0,72,13.3
2024-05-25,Gitega,17.6,71,13.3
2024-05-26,Gitega,18.0,73,9.7
2024-05-27,Gitega,18.0,75,13.0
2024-05-28,Gitega,18.6,71,13.7
2024-05-29,Gitega,17.9,73,10.4
2024-05-30,Gitega,19.1,71,9.4
2024-05-31,Gitega,19.1,72.1,9.9
2024-05-24,Praia,24.3,57,20.5
2024-05-25,Praia,18.7,82,21.2
2024-05-26,Praia,17.7,92,14.8
2024-05-27,Praia,19.5,91,12.6
2024-05-28,Praia,20.6,84,11.5
2024-05-29,Praia,18.2,79,15.5
2024-05-30,Praia,17.4,77,12.2
2024-05-31,Praia,16.8,86.9,9.8
2024-05-24,Phnom Penh,30.5,67,15.1
2024-05-25,Phnom Penh,31.4,63,15.5
2024-05-26,Phnom Penh,31.2,63,16.9
2024-05-27,Phnom Penh,31.8,59,13.7
2024-05-28,Phnom Penh,31.7,56,13.0
2024-05-29,Phnom Penh,32.0,55,17.3
2024-05-30,Phnom Penh,32.3,53,23.8
2024-05-31,Phnom Penh,32.6,50.1,20.2
2024-05-24,Yaoundé,22.8,90,5.8
2024-05-25,Yaoundé,21.5,90,6.1
2024-05-26,Yaoundé,23.6,83,4.7
2024-05-27,Yaoundé,22.8,91,5.4
2024-05-28,Yaoundé,23.3,90,7.9
2024-05-29,Yaoundé,23.8,87,9.0
2024-05-30,Yaoundé,23.3,90,9.0
2024-05-31,Yaoundé,23.8,88.9,9.5
2024-05-24,Ottawa,12.6,69,25.9
2024-05-25,Ottawa,11.4,76,11.5
2024-05-26,Ottawa,15.9,78,13.3
2024-05-27,Ottawa,14.7,90,26.3
2024-05-28,Ottawa,15.6,90,25.9
2024-05-29,Ottawa,11.9,71,14.4
2024-05-30,Ottawa,12.5,57,13.0
2024-05-31,Ottawa,13.6,71.0,15.7
2024-05-24,Bangui,25.6,76,6.5
2024-05-25,Bangui,24.5,80,10.8
2024-05-26,Bangui,26.2,72,5.0
2024-05-27,Bangui,28.6,61,10.8
2024-05-28,Bangui,28.3,62,12.2
2024-05-29,Bangui,27.0,72,10.1
2024-05-30,Bangui,27.4,64,10.1
2024-05-31,Bangui,28.6,60.7,11.7
2024-05-24,N'Djamena,37.0,27,26.6
2024-05-25,N'Djamena,36.2,29,16.6
2024-05-26,N'Djamena,35.5,33,21.6
2024-05-27,N'Djamena,37.0,27,24.5
2024-05-28,N'Djamena,38.8,18,11.5
2024-05-29,N'Djamena,38.6,17,15.1
2024-05-30,N'Djamena,37.0,27,26.6
2024-05-31,N'Djamena,38.3,19.9,18.5
2024-05-24,Santiago,10.9,51,13.7
2024-05-25,Santiago,9.6,53,14.4
2024-05-26,Santiago,7.4,55,12.6
2024-05-27,Santiago,10.8,24,13.7
2024-05-28,Santiago,13.6,21,14.8
2024-05-29,Santiago,13.3,30,8.6
2024-05-30,Santiago,14.7,27,8.6
2024-05-31,Santiago,15.0,15.6,8.8
2024-05-24,Beijing,23.2,39,15.8
2024-05-25,Beijing,15.6,76,7.6
2024-05-26,Beijing,22.0,44,26.3
2024-05-27,Beijing,25.9,21,11.9
2024-05-28,Beijing,26.8,23,11.9
2024-05-29,Beijing,28.7,21,26.6
2024-05-30,Beijing,29.6,29,20.5
2024-05-31,Beijing,31.7,13.1,22.6
2024-05-24,Bogotá,14.6,88,5.8
2024-05-25,Bogotá,14.3,88,6.5
2024-05-26,Bogotá,14.2,89,6.5
2024-05-27,Bogotá,14.1,86,6.8
2024-05-28,Bogotá,13.4,87,6.8
2024-05-29,Bogotá,13.9,90,5.8
2024-05-30,Bogotá,14.1,90,6.8
2024-05-31,Bogotá,13.6,89.4,6.7
2024-05-24,Moroni,25.2,73,27.0
2024-05-25,Moroni,24.6,72,30.2
2024-05-26,Moroni,24.0,73,29.5
2024-05-27,Moroni,24.4,73,28.4
2024-05-28,Moroni,25.1,73,31.0
2024-05-29,Moroni,24.5,73,25.6
2024-05-30,Moroni,25.3,76,30.2
2024-05-31,Moroni,24.9,74.9,29.1
2024-05-24,Kinshasa,27.9,61,13.0
2024-05-25,Kinshasa,27.1,70,9.7
2024-05-26,Kinshasa,29.1,61,9.7
2024-05-27,Kinshasa,28.7,65,10.4
2024-05-28,Kinshasa,29.2,62,9.7
2024-05-29,Kinshasa,29.8,59,9.7
2024-05-30,Kinshasa,29.5,55,10.4
2024-05-31,Kinshasa,30.2,56.3,9.3
2024-05-24,Brazzaville,27.9,61,13.0
2024-05-25,Brazzaville,27.1,70,9.7
2024-05-26,Brazzaville,29.1,61,9.7
2024-05-27,Brazzaville,28.7,65,10.4
2024-05-28,Brazzaville,29.2,62,9.7
2024-05-29,Brazzaville,29.8,59,9.7
2024-05-30,Brazzaville,29.5,55,10.4
2024-05-31,Brazzaville,30.2,56.3,9.3
2024-05-24,San José,18.3,66,20.5
2024-05-25,San José,18.0,68,10.1
2024-05-26,San José,18.6,71,15.1
2024-05-27,San José,19.2,71,12.6
2024-05-28,San José,18.7,79,15.1
2024-05-29,San José,18.3,78,13.7
2024-05-30,San José,20.0,72,20.2
2024-05-31,San José,19.6,78.7,16.2
2024-05-24,Zagreb,18.1,72,5.8
2024-05-25,Zagreb,18.8,66,8.3
2024-05-26,Zagreb,18.1,78,11.2
2024-05-27,Zagreb,18.3,72,9.0
2024-05-28,Zagreb,18.2,72,14.8
2024-05-29,Zagreb,15.7,84,5.4
2024-05-30,Zagreb,17.9,72,10.4
2024-05-31,Zagreb,16.9,78.0,10.9
2024-05-24,Havana,27.3,59,21.6
2024-05-25,Havana,27.1,65,15.5
2024-05-26,Havana,29.0,60,8.6
2024-05-27,Havana,30.5,59,12.2
2024-05-28,Havana,29.4,59,25.6
2024-05-29,Havana,27.8,69,23.4
2024-05-30,Havana,28.4,67,25.6
2024-05-31,Havana,29.2,67.0,25.3
2024-05-24,Nicosia,23.3,48,31.7
2024-05-25,Nicosia,23.6,49,16.2
2024-05-26,Nicosia,23.3,52,14.0
2024-05-27,Nicosia,22.9,59,25.2
2024-05-28,Nicosia,22.4,61,15.8
2024-05-29,Nicosia,21.9,63,12.6
2024-05-30,Nicosia,22.0,62,17.6
2024-05-31,Nicosia,21.6,67.6,12.2
2024-05-24,Prague,15.6,82,8.3
2024-05-25,Prague,16.0,80,13.0
2024-05-26,Prague,17.0,75,13.7
2024-05-27,Prague,17.4,73,7.9
2024-05-28,Prague,13.9,87,15.5
2024-05-29,Prague,15.3,64,15.8
2024-05-30,Prague,14.6,83,11.9
2024-05-31,Prague,14.6,75.3,14.9
2024-05-24,Copenhagen,16.0,78,15.5
2024-05-25,Copenhagen,16.4,80,15.1
2024-05-26,Copenhagen,16.6,81,21.2
2024-05-27,Copenhagen,16.0,83,14.8
2024-05-28,Copenhagen,14.0,89,25.6
2024-05-29,Copenhagen,13.2,87,25.6
2024-05-30,Copenhagen,14.6,87,16.9
2024-05-31,Copenhagen,13.4,90.6,23.5
2024-05-24,Djibouti,33.3,48,16.6
2024-05-25,Djibouti,33.4,47,20.2
2024-05-26,Djibouti,33.4,46,23.4
2024-05-27,Djibouti,33.1,51,20.5
2024-05-28,Djibouti,34.1,47,24.5
2024-05-29,Djibouti,34.3,43,18.0
2024-05-30,Djibouti,34.2,41,21.2
2024-05-31,Djibouti,34.4,42.1,22.1
2024-05-24,Roseau,27.9,77,22.0
2024-05-25,Roseau,28.1,78,20.9
2024-05-26,Roseau,28.0,80,22.3
2024-05-27,Roseau,28.0,79,24.1
2024-05-28,Roseau,27.9,75,22.3
2024-05-29,Roseau,27.8,77,22.0
2024-05-30,Roseau,27.9,78,26.6
2024-05-31,Roseau,27.8,77.1,25.2
2024-05-24,Santo Domingo,25.9,77,16.2
2024-05-25,Santo Domingo,26.4,77,11.5
2024-05-26,Santo Domingo,26.4,81,13.7
2024-05-27,Santo Domingo,26.2,83,14.4
2024-05-28,Santo Domingo,24.7,87,13.0
2024-05-29,Santo Domingo,26.3,79,12.6
2024-05-30,Santo Domingo,26.3,81,13.3
2024-05-31,Santo Domingo,25.9,83.9,12.5
2024-05-24,Quito,13.1,90,7.2
2024-05-25,Quito,14.2,84,7.2
2024-05-26,Quito,12.9,89,4.3
2024-05-27,Quito,13.6,83,7.6
2024-05-28,Quito,11.6,91,7.2
2024-05-29,Quito,12.9,85,6.1
2024-05-30,Quito,13.8,82,9.4
2024-05-31,Quito,12.9,83.4,8.0
2024-05-24,Cairo,26.8,35,31.3
2024-05-25,Cairo,27.2,30,27.0
2024-05-26,Cairo,29.6,23,16.6
2024-05-27,Cairo,31.1,26,34.2
2024-05-28,Cairo,26.2,43,31.3
2024-05-29,Cairo,25.9,41,31.3
2024-05-30,Cairo,26.1,35,32.4
2024-05-31,Cairo,26.4,39.3,33.0
2024-05-24,San Salvador,25.5,81,11.5
2024-05-25,San Salvador,25.9,76,13.0
2024-05-26,San Salvador,25.8,76,13.0
2024-05-27,San Salvador,26.2,75,11.2
2024-05-28,San Salvador,26.5,76,13.3
2024-05-29,San Salvador,25.8,76,10.1
2024-05-30,San Salvador,25.8,79,11.9
2024-05-31,San Salvador,26.1,76.1,11.4
2024-05-24,Malabo,26.0,83,16.9
2024-05-25,Malabo,25.9,84,6.5
2024-05-26,Malabo,26.7,79,10.8
2024-05-27,Malabo,26.7,84,14.8
2024-05-28,Malabo,26.6,85,14.4
2024-05-29,Malabo,26.9,85,18.4
2024-05-30,Malabo,26.0,86,20.2
2024-05-31,Malabo,26.7,86.1,19.9
2024-05-24,Asmara,22.9,33,11.2
2024-05-25,Asmara,22.6,33,15.8
2024-05-26,Asmara,22.0,34,14.8
2024-05-27,Asmara,22.7,33,12.2
2024-05-28,Asmara,23.4,26,22.0
2024-05-29,Asmara,23.8,20,23.8
2024-05-30,Asmara,22.3,21,27.0
2024-05-31,Asmara,23.1,18.6,28.2
2024-05-24,Tallinn,18.0,65,17.6
2024-05-25,Tallinn,16.4,87,11.9
2024-05-26,Tallinn,17.6,76,10.8
2024-05-27,Tallinn,18.6,69,10.1
2024-05-28,Tallinn,18.0,69,12.2
2024-05-29,Tallinn,17.1,78,10.4
2024-05-30,Tallinn,16.6,83,10.1
2024-05-31,Tallinn,17.1,79.4,8.4
2024-05-24,Mbabane,14.9,57,12.6
2024-05-25,Mbabane,14.8,75,14.8
2024-05-26,Mbabane,15.8,53,10.4
2024-05-27,Mbabane,13.3,75,12.2
2024-05-28,Mbabane,14.5,68,11.9
2024-05-29,Mbabane,14.7,57,13.3
2024-05-30,Mbabane,15.6,42,11.2
2024-05-31,Mbabane,14.9,51.6,11.5
2024-05-24,Addis Ababa,20.5,45,23.4
2024-05-25,Addis Ababa,20.5,41,23.4
2024-05-26,Addis Ababa,20.5,39,16.2
2024-05-27,Addis Ababa,20.4,36,20.2
2024-05-28,Addis Ababa,20.6,36,24.5
2024-05-29,Addis Ababa,20.9,33,19.8
2024-05-30,Addis Ababa,21.0,26,22.7
2024-05-31,Addis Ababa,21.0,25.7,21.3
2024-05-24,Palikir,28.5,82,27.0
2024-05-25,Palikir,28.6,81,24.8
2024-05-26,Palikir,28.7,80,25.2
2024-05-27,Palikir,28.4,82,30.2
2024-05-28,Palikir,28.1,80,31.3
2024-05-29,Palikir,28.3,79,25.6
2024-05-30,Palikir,28.4,81,25.9
2024-05-31,Palikir,28.2,79.7,27.8
2024-05-24,Suva,24.5,86,7.9
2024-05-25,Suva,24.5,87,19.1
2024-05-26,Suva,24.0,89,19.1
2024-05-27,Suva,24.9,88,11.2
2024-05-28,Suva,24.7,90,16.6
2024-05-29,Suva,23.8,90,23.4
2024-05-30,Suva,23.1,86,23.4
2024-05-31,Suva,23.5,89.0,24.8
2024-05-24,Helsinki,15.9,67,14.0
2024-05-25,Helsinki,15.7,84,15.8
2024-05-26,Helsinki,15.8,77,13.0
2024-05-27,Helsinki,15.7,67,14.0
2024-05-28,Helsinki,17.4,64,13.3
2024-05-29,Helsinki,16.0,77,11.9
2024-05-30,Helsinki,15.9,78,11.2
2024-05-31,Helsinki,16.4,74.3,11.0
2024-05-24,Paris,14.4,85,11.2
2024-05-25,Paris,15.4,71,10.4
2024-05-26,Paris,16.3,76,21.6
2024-05-27,Paris,13.6,72,18.7
2024-05-28,Paris,12.7,85,18.0
2024-05-29,Paris,13.8,95,15.5
2024-05-30,Paris,12.5,89,15.8
2024-05-31,Paris,12.3,91.7,18.8
2024-05-24,Libreville,26.3,79,14.8
2024-05-25,Libreville,25.8,77,13.7
2024-05-26,Libreville,26.0,77,14.4
2024-05-27,Libreville,25.8,78,12.6
2024-05-28,Libreville,26.3,79,15.1
2024-05-29,Libreville,26.6,83,17.6
2024-05-30,Libreville,26.5,82,18.4
2024-05-31,Libreville,26.5,82.6,18.0
2024-05-24,Banjul,24.0,76,23.4
2024-05-25,Banjul,24.3,76,29.9
2024-05-26,Banjul,24.3,79,22.3
2024-05-27,Banjul,24.9,78,23.0
2024-05-28,Banjul,25.2,80,22.3
2024-05-29,Banjul,25.4,82,27.0
2024-05-30,Banjul,24.4,71,32.0
2024-05-31,Banjul,25.3,77.1,28.6
2024-05-24,Tbilisi,13.9,86,10.8
2024-05-25,Tbilisi,13.8,83,15.1
2024-05-26,Tbilisi,14.0,83,8.3
2024-05-27,Tbilisi,18.1,67,13.3
2024-05-28,Tbilisi,19.1,70,14.0
2024-05-29,Tbilisi,20.9,64,11.5
2024-05-30,Tbilisi,21.6,68,17.6
2024-05-31,Tbilisi,23.4,59.4,15.6
2024-05-24,Berlin,19.4,62,21.2
2024-05-25,Berlin,19.9,68,11.9
2024-05-26,Berlin,20.5,62,18.0
2024-05-27,Berlin,18.3,76,11.2
2024-05-28,Berlin,15.1,78,18.7
2024-05-29,Berlin,14.4,76,19.4
2024-05-30,Berlin,15.2,81,11.5
2024-05-31,Berlin,13.4,84.6,14.1
2024-05-24,Accra,28.1,77,22.0
2024-05-25,Accra,28.0,77,22.3
2024-05-26,Accra,27.6,78,15.1
2024-05-27,Accra,28.1,71,21.2
2024-05-28,Accra,27.9,71,24.1
2024-05-29,Accra,28.2,72,24.8
2024-05-30,Accra,28.2,73,25.2
2024-05-31,Accra,28.2,70.0,25.5
2024-05-24,Athens,22.5,45,7.2
2024-05-25,Athens,22.5,48,19.4
2024-05-26,Athens,19.5,56,31.0
2024-05-27,Athens,19.1,46,33.8
2024-05-28,Athens,20.7,39,16.2
2024-05-29,Athens,21.6,45,18.0
2024-05-30,Athens,21.3,50,18.7
2024-05-31,Athens,20.4,45.9,23.0
2024-05-24,Saint George's,27.5,79,25.9
2024-05-25,Saint George's,27.8,81,24.5
2024-05-26,Saint George's,27.6,83,25.2
2024-05-27,Saint George's,28.0,79,24.1
2024-05-28,Saint George's,27.9,78,24.5
2024-05-29,Saint George's,27.9,78,25.6
2024-05-30,Saint George's,27.2,84,24.8
2024-05-31,Saint George's,27.6,80.9,24.7
2024-05-24,Guatemala City,22.1,78,14.8
2024-05-25,Guatemala City,22.4,77,13.3
2024-05-26,Guatemala City,22.0,78,13.7
2024-05-27,Guatemala City,22.1,76,11.5
2024-05-28,Guatemala City,22.3,72,10.1
2024-05-29,Guatemala City,21.7,72,7.9
2024-05-30,Guatemala City,21.5,70,6.1
2024-05-31,Guatemala City,21.6,69.0,5.3
2024-05-24,Conakry,27.6,82,17.6
2024-05-25,Conakry,27.6,80,20.9
2024-05-26,Conakry,28.0,81,16.6
2024-05-27,Conakry,28.1,78,14.8
2024-05-28,Conakry,28.0,78,16.2
2024-05-29,Conakry,27.2,78,21.2
2024-05-30,Conakry,27.9,79,22.3
2024-05-31,Conakry,27.8,77.1,20.6
2024-05-24,Bissau,27.6,66,22.0
2024-05-25,Bissau,28.1,61,22.0
2024-05-26,Bissau,27.8,65,24.5
2024-05-27,Bissau,28.7,70,27.7
2024-05-28,Bissau,28.7,75,26.6
2024-05-29,Bissau,26.7,79,23.4
2024-05-30,Bissau,28.2,57,21.2
2024-05-31,Bissau,28.0,70.3,24.3
2024-05-24,Georgetown,26.3,87,10.1
2024-05-25,Georgetown,25.3,93,9.7
2024-05-26,Georgetown,25.0,93,9.0
2024-05-27,Georgetown,25.1,93,7.6
2024-05-28,Georgetown,25.9,88,10.8
2024-05-29,Georgetown,25.6,93,7.9
2024-05-30,Georgetown,26.5,84,10.8
2024-05-31,Georgetown,26.0,88.1,9.5
2024-05-24,Port-au-Prince,23.9,77,7.9
2024-05-25,Port-au-Prince,25.1,76,11.2
2024-05-26,Port-au-Prince,25.4,75,8.3
2024-05-27,Port-au-Prince,25.0,75,9.0
2024-05-28,Port-au-Prince,23.6,79,10.1
2024-05-29,Port-au-Prince,24.4,70,7.6
2024-05-30,Port-au-Prince,25.2,73,8.3
2024-05-31,Port-au-Prince,24.8,72.1,8.3
2024-05-24,Tegucigalpa,23.5,80,13.3
2024-05-25,Tegucigalpa,24.0,77,14.0
2024-05-26,Tegucigalpa,24.4,74,15.1
2024-05-27,Tegucigalpa,24.5,71,13.0
2024-05-28,Tegucigalpa,24.4,67,11.5
2024-05-29,Tegucigalpa,24.2,64,11.2
2024-05-30,Tegucigalpa,23.9,64,13.7
2024-05-31,Tegucigalpa,24.4,59.4,12.0
2024-05-24,Budapest,16.1,89,12.2
2024-05-25,Budapest,19.1,68,16.6
2024-05-26,Budapest,19.4,69,10.4
2024-05-27,Budapest,20.7,57,11.9
2024-05-28,Budapest,18.7,64,16.2
2024-05-29,Budapest,18.4,69,20.2
2024-05-30,Budapest,20.2,59,14.4
2024-05-31,Budapest,20.4,54.6,17.4
2024-05-24,Reykjavik,8.4,84,70.2
2024-05-25,Reykjavik,9.7,76,59.4
2024-05-26,Reykjavik,10.4,78,35.6
2024-05-27,Reykjavik,10.4,80,9.4
2024-05-28,Reykjavik,9.3,90,14.4
2024-05-29,Reykjavik,6.7,83,29.2
2024-05-30,Reykjavik,7.5,83,30.2
2024-05-31,Reykjavik,7.5,85.3,6.7
2024-05-24,New Delhi,41.0,17,15.1
2024-05-25,New Delhi,42.2,13,16.9
2024-05-26,New Delhi,43.0,8,21.2
2024-05-27,New Delhi,42.7,6,15.8
2024-05-28,New Delhi,42.8,5,10.8
2024-05-29,New Delhi,42.0,10,15.1
2024-05-30,New Delhi,41.6,13,21.2
2024-05-31,New Delhi,42.4,7.3,17.2
2024-05-24,Jakarta,29.0,72,16.9
2024-05-25,Jakarta,27.0,82,16.6
2024-05-26,Jakarta,28.0,73,12.6
2024-05-27,Jakarta,29.8,68,14.8
2024-05-28,Jakarta,28.9,73,11.9
2024-05-29,Jakarta,29.1,71,14.8
2024-05-30,Jakarta,29.2,72,15.5
2024-05-31,Jakarta,29.5,69.9,13.5
2024-05-24,Tehran,22.5,35,27.0
2024-05-25,Tehran,22.7,35,22.0
2024-05-26,Tehran,22.7,38,19.4
2024-05-27,Tehran,25.5,26,12.2
2024-05-28,Tehran,25.9,20,18.0
2024-05-29,Tehran,26.6,23,12.6
2024-05-30,Tehran,28.2,17,13.0
2024-05-31,Tehran,28.9,14.0,8.9
2024-05-24,Baghdad,35.7,14,27.4
2024-05-25,Baghdad,33.2,17,27.0
2024-05-26,Baghdad,32.4,17,25.2
2024-05-27,Baghdad,33.9,16,23.8
2024-05-28,Baghdad,36.2,12,19.1
2024-05-29,Baghdad,38.0,11,20.2
2024-05-30,Baghdad,39.8,11,26.6
2024-05-31,Baghdad,39.3,10.3,21.0
2024-05-24,Dublin,9.7,80,22.7
2024-05-25,Dublin,10.3,83,25.2
2024-05-26,Dublin,10.7,93,22.3
2024-05-27,Dublin,11.3,79,21.6
2024-05-28,Dublin,12.7,88,18.0
2024-05-29,Dublin,12.8,82,22.0
2024-05-30,Dublin,11.9,79,33.1
2024-05-31,Dublin,13.3,82.0,26.5
2024-05-24,Jerusalem,19.4,53,36.0
2024-05-25,Jerusalem,19.2,64,38.5
2024-05-26,Jerusalem,21.5,47,14.0
2024-05-27,Jerusalem,27.0,24,25.9
2024-05-28,Jerusalem,21.6,45,32.8
2024-05-29,Jerusalem,19.9,51,32.4
2024-05-30,Jerusalem,19.0,56,32.8
2024-05-31,Jerusalem,21.1,45.9,29.9
2024-05-24,Rome,19.6,59,17.6
2024-05-25,Rome,16.2,70,13.3
2024-05-26,Rome,19.9,60,18.0
2024-05-27,Rome,20.7,56,17.6
2024-05-28,Rome,20.5,60,17.3
2024-05-29,Rome,20.3,67,19.1
2024-05-30,Rome,20.5,65,16.9
2024-05-31,Rome,21.3,64.1,18.4
2024-05-24,Kingston,26.5,79,10.8
2024-05-25,Kingston,27.1,77,13.0
2024-05-26,Kingston,27.3,76,15.5
2024-05-27,Kingston,27.2,74,14.4
2024-05-28,Kingston,26.6,79,20.5
2024-05-29,Kingston,28.1,67,16.2
2024-05-30,Kingston,28.0,70,18.7
2024-05-31,Kingston,28.1,68.3,20.6
2024-05-24,Tokyo,22.4,65,21.2
2024-05-25,Tokyo,19.2,65,19.4
2024-05-26,Tokyo,19.9,60,28.4
2024-05-27,Tokyo,20.9,77,36.7
2024-05-28,Tokyo,21.4,89,56.5
2024-05-29,Tokyo,20.2,72,45.7
2024-05-30,Tokyo,21.7,66,21.6
2024-05-31,Tokyo,21.0,77.1,44.5
2024-05-24,Amman,20.1,39,37.4
2024-05-25,Amman,18.9,57,34.9
2024-05-26,Amman,20.7,45,20.5
2024-05-27,Amman,26.2,23,27.0
2024-05-28,Amman,24.0,36,25.2
2024-05-29,Amman,21.2,37,29.2
2024-05-30,Amman,19.5,44,31.0
2024-05-31,Amman,22.4,35.3,25.6
2024-05-24,Nur-Sultan,19.0,67,25.9
2024-05-25,Nur-Sultan,17.9,74,26.6
2024-05-26,Nur-Sultan,18.0,69,27.0
2024-05-27,Nur-Sultan,17.8,61,24.8
2024-05-28,Nur-Sultan,17.8,66,24.8
2024-05-29,Nur-Sultan,18.5,69,19.4
2024-05-30,Nur-Sultan,16.7,76,23.4
2024-05-31,Nur-Sultan,17.1,70.9,21.1
2024-05-24,Nairobi,18.1,84,14.0
2024-05-25,Nairobi,18.4,83,9.4
2024-05-26,Nairobi,18.6,86,9.4
2024-05-27,Nairobi,18.5,84,10.8
2024-05-28,Nairobi,18.0,85,8.6
2024-05-29,Nairobi,18.7,81,13.3
2024-05-30,Nairobi,18.5,82,13.7
2024-05-31,Nairobi,18.6,82.0,12.2
2024-05-24,Tarawa,29.1,73,30.6
2024-05-25,Tarawa,29.2,75,24.8
2024-05-26,Tarawa,29.0,76,24.8
2024-05-27,Tarawa,28.7,74,31.7
2024-05-28,Tarawa,28.8,72,25.9
2024-05-29,Tarawa,28.5,75,27.0
2024-05-30,Tarawa,28.5,73,25.9
2024-05-31,Tarawa,28.3,73.4,26.0
2024-05-24,Pyongyang,21.0,56,16.2
2024-05-25,Pyongyang,19.3,63,12.6
2024-05-26,Pyongyang,17.3,87,27.7
2024-05-27,Pyongyang,16.3,65,34.2
2024-05-28,Pyongyang,17.8,56,19.8
2024-05-29,Pyongyang,19.9,48,26.3
2024-05-30,Pyongyang,19.2,56,13.7
2024-05-31,Pyongyang,18.2,52.9,23.2
2024-05-24,Seoul,21.8,60,13.7
2024-05-25,Seoul,21.6,60,15.8
2024-05-26,Seoul,20.9,68,22.3
2024-05-27,Seoul,17.6,60,24.5
2024-05-28,Seoul,19.7,50,14.4
2024-05-29,Seoul,21.2,42,18.7
2024-05-30,Seoul,21.0,38,14.4
2024-05-31,Seoul,19.9,36.9,17.7
2024-05-24,Pristina,14.4,83,7.2
2024-05-25,Pristina,15.5,76,14.4
2024-05-26,Pristina,15.0,83,14.8
2024-05-27,Pristina,15.2,72,13.0
2024-05-28,Pristina,14.7,72,7.2
2024-05-29,Pristina,14.7,81,8.6
2024-05-30,Pristina,15.5,79,12.6
2024-05-31,Pristina,15.2,76.1,10.7
2024-05-24,Kuwait City,33.5,34,18.0
2024-05-25,Kuwait City,34.1,33,21.6
2024-05-26,Kuwait City,34.7,32,27.4
2024-05-27,Kuwait City,34.2,28,33.8
2024-05-28,Kuwait City,35.3,26,31.7
2024-05-29,Kuwait City,36.5,25,33.8
2024-05-30,Kuwait City,37.4,25,24.8
2024-05-31,Kuwait City,37.5,22.0,34.3
2024-05-24,Bishkek,16.7,67,25.9
2024-05-25,Bishkek,17.9,61,16.9
2024-05-26,Bishkek,7.2,78,25.2
2024-05-27,Bishkek,14.5,47,14.8
2024-05-28,Bishkek,14.9,48,13.7
2024-05-29,Bishkek,13.8,61,10.8
2024-05-30,Bishkek,15.3,58,13.0
2024-05-31,Bishkek,13.7,51.9,8.3
2024-05-24,Vientiane,24.4,94,6.5
2024-05-25,Vientiane,26.3,86,7.9
2024-05-26,Vientiane,26.7,86,6.8
2024-05-27,Vientiane,28.6,76,13.7
2024-05-28,Vientiane,27.3,78,13.3
2024-05-29,Vientiane,29.1,71,12.2
2024-05-30,Vientiane,31.4,61,18.7
2024-05-31,Vientiane,31.6,59.3,18.7
2024-05-24,Riga,19.6,67,22.3
2024-05-25,Riga,19.6,68,16.2
2024-05-26,Riga,19.0,65,16.9
2024-05-27,Riga,19.3,60,18.0
2024-05-28,Riga,20.1,61,15.1
2024-05-29,Riga,18.9,73,14.0
2024-05-30,Riga,18.0,79,19.8
2024-05-31,Riga,18.5,73.6,15.5
2024-05-24,Beirut,22.0,70,33.8
2024-05-25,Beirut,21.6,73,31.0
2024-05-26,Beirut,21.7,66,27.4
2024-05-27,Beirut,23.6,55,16.9
2024-05-28,Beirut,21.8,73,20.2
2024-05-29,Beirut,20.6,71,10.4
2024-05-30,Beirut,20.6,70,11.9
2024-05-31,Beirut,20.8,68.7,5.4
2024-05-24,Maseru,13.5,36,7.2
2024-05-25,Maseru,12.4,37,16.9
2024-05-26,Maseru,12.0,42,18.7
2024-05-27,Maseru,11.8,33,9.0
2024-05-28,Maseru,12.2,26,9.7
2024-05-29,Maseru,11.4,30,10.1
2024-05-30,Maseru,11.4,35,23.4
2024-05-31,Maseru,10.9,29.4,17.3
2024-05-24,Monrovia,28.1,77,16.6
2024-05-25,Monrovia,28.2,76,14.8
2024-05-26,Monrovia,27.5,80,16.6
2024-05-27,Monrovia,26.6,84,16.2
2024-05-28,Monrovia,27.8,76,17.6
2024-05-29,Monrovia,27.7,78,14.8
2024-05-30,Monrovia,27.6,80,17.3
2024-05-31,Monrovia,27.3,80.0,16.7
2024-05-24,Tripoli,27.6,35,38.9
2024-05-25,Tripoli,24.6,53,34.2
2024-05-26,Tripoli,23.4,51,21.6
2024-05-27,Tripoli,23.6,44,20.5
2024-05-28,Tripoli,25.7,32,21.6
2024-05-29,Tripoli,27.8,35,25.9
2024-05-30,Tripoli,23.8,51,20.5
2024-05-31,Tripoli,24.8,42.0,15.9
2024-05-24,Vaduz,9.7,80,9.0
2024-05-25,Vaduz,9.3,84,9.0
2024-05-26,Vaduz,12.2,71,10.4
2024-05-27,Vaduz,11.5,82,9.7
2024-05-28,Vaduz,10.0,83,9.4
2024-05-29,Vaduz,10.5,78,10.4
2024-05-30,Vaduz,9.3,95,8.6
2024-05-31,Vaduz,10.2,88.3,9.6
2024-05-24,Vilnius,17.8,78,19.8
2024-05-25,Vilnius,17.6,74,18.7
2024-05-26,Vilnius,17.1,72,17.6
2024-05-27,Vilnius,18.1,62,14.0
2024-05-28,Vilnius,19.1,65,14.8
2024-05-29,Vilnius,17.5,76,16.9
2024-05-30,Vilnius,17.5,75,17.3
2024-05-31,Vilnius,17.9,70.0,15.0
2024-05-24,Luxembourg,13.5,86,4.7
2024-05-25,Luxembourg,13.5,85,9.4
2024-05-26,Luxembourg,13.6,89,21.2
2024-05-27,Luxembourg,12.6,85,19.8
2024-05-28,Luxembourg,11.2,87,19.4
2024-05-29,Luxembourg,12.4,96,28.1
2024-05-30,Luxembourg,12.2,90,17.6
2024-05-31,Luxembourg,11.5,92.9,27.8
2024-05-24,Antananarivo,14.1,77,22.7
2024-05-25,Antananarivo,14.1,80,15.8
2024-05-26,Antananarivo,14.9,74,9.7
2024-05-27,Antananarivo,15.6,72,14.4
2024-05-28,Antananarivo,14.6,72,19.1
2024-05-29,Antananarivo,13.2,77,16.9
2024-05-30,Antananarivo,14.4,78,21.2
2024-05-31,Antananarivo,14.2,75.0,18.1
2024-05-24,Lilongwe,19.6,63,12.6
2024-05-25,Lilongwe,18.4,54,9.7
2024-05-26,Lilongwe,18.3,58,9.7
2024-05-27,Lilongwe,17.7,53,13.7
2024-05-28,Lilongwe,16.7,55,11.2
2024-05-29,Lilongwe,16.9,56,10.4
2024-05-30,Lilongwe,17.5,52,11.2
2024-05-31,Lilongwe,16.3,51.3,11.0
2024-05-24,Kuala Lumpur,26.0,81,6.5
2024-05-25,Kuala Lumpur,25.6,82,9.4
2024-05-26,Kuala Lumpur,25.1,92,5.8
2024-05-27,Kuala Lumpur,26.1,82,4.7
2024-05-28,Kuala Lumpur,26.7,81,7.2
2024-05-29,Kuala Lumpur,26.8,76,8.6
2024-05-30,Kuala Lumpur,25.3,90,9.4
2024-05-31,Kuala Lumpur,26.2,84.0,8.6
2024-05-24,Malé,28.1,81,47.5
2024-05-25,Malé,28.7,81,40.3
2024-05-26,Malé,28.6,81,31.7
2024-05-27,Malé,28.8,81,29.9
2024-05-28,Malé,28.2,80,49.3
2024-05-29,Malé,28.0,80,47.5
2024-05-30,Malé,28.6,84,41.0
2024-05-31,Malé,28.4,82.0,42.8
2024-05-24,Bamako,33.7,41,20.5
2024-05-25,Bamako,34.7,36,18.0
2024-05-26,Bamako,34.1,37,22.0
2024-05-27,Bamako,35.0,35,27.0
2024-05-28,Bamako,35.2,33,17.6
2024-05-29,Bamako,31.6,47,24.5
2024-05-30,Bamako,35.6,28,24.5
2024-05-31,Bamako,34.4,33.7,25.0
2024-05-24,Valletta,21.1,68,12.6
2024-05-25,Valletta,20.7,71,16.2
2024-05-26,Valletta,20.5,74,18.0
2024-05-27,Valletta,20.2,74,18.0
2024-05-28,Valletta,20.9,71,16.6
2024-05-29,Valletta,21.3,70,15.1
2024-05-30,Valletta,20.9,80,22.3
2024-05-31,Valletta,20.9,77.0,20.6
2024-05-24,Majuro,28.5,80,21.2
2024-05-25,Majuro,28.5,81,28.1
2024-05-26,Majuro,28.5,82,30.2
2024-05-27,Majuro,28.4,81,28.8
2024-05-28,Majuro,28.2,81,22.7
2024-05-29,Majuro,28.2,80,22.0
2024-05-30,Majuro,28.1,78,24.1
2024-05-31,Majuro,28.0,79.1,23.7
2024-05-24,Nouakchott,24.0,55,29.2
2024-05-25,Nouakchott,25.0,51,34.2
2024-05-26,Nouakchott,27.8,38,36.0
2024-05-27,Nouakchott,27.6,40,32.0
2024-05-28,Nouakchott,25.5,51,36.0
2024-05-29,Nouakchott,21.5,73,33.1
2024-05-30,Nouakchott,21.0,73,32.8
2024-05-31,Nouakchott,22.0,70.3,34.6
2024-05-24,Port Louis,21.8,79,26.3
2024-05-25,Port Louis,21.7,84,23.0
2024-05-26,Port Louis,23.1,82,17.6
2024-05-27,Port Louis,23.9,81,19.1
2024-05-28,Port Louis,23.6,85,23.4
2024-05-29,Port Louis,23.7,85,24.8
2024-05-30,Port Louis,23.3,86,27.4
2024-05-31,Port Louis,24.3,86.9,24.9
2024-05-24,Mexico City,24.9,39,19.1
2024-05-25,Mexico City,25.1,37,13.0
2024-05-26,Mexico City,25.5,36,15.8
2024-05-27,Mexico City,24.6,34,17.6
2024-05-28,Mexico City,23.4,41,26.3
2024-05-29,Mexico City,22.0,46,24.8
2024-05-30,Mexico City,21.6,46,20.5
2024-05-31,Mexico City,21.3,46.1,25.1
2024-05-24,Palikir,28.5,82,27.0
2024-05-25,Palikir,28.6,81,24.8
2024-05-26,Palikir,28.7,80,25.2
2024-05-27,Palikir,28.4,82,30.2
2024-05-28,Palikir,28.1,80,31.3
2024-05-29,Palikir,28.3,79,25.6
2024-05-30,Palikir,28.4,81,25.9
2024-05-31,Palikir,28.3,80.2,27.4
2024-05-24,Chisinau,20.4,54,24.8
2024-05-25,Chisinau,18.3,55,23.0
2024-05-26,Chisinau,17.4,46,27.0
2024-05-27,Chisinau,16.0,60,33.8
2024-05-28,Chisinau,16.5,80,20.2
2024-05-29,Chisinau,17.5,78,9.4
2024-05-30,Chisinau,16.8,76,23.4
2024-05-31,Chisinau,15.7,85.0,17.6
2024-05-24,Monaco,17.3,71,10.1
2024-05-25,Monaco,17.2,72,14.0
2024-05-26,Monaco,17.9,70,7.9
2024-05-27,Monaco,18.3,77,9.0
2024-05-28,Monaco,18.7,74,11.9
2024-05-29,Monaco,19.5,74,10.8
2024-05-30,Monaco,19.3,79,16.9
2024-05-31,Monaco,19.9,78.4,14.1
2024-05-24,Ulaanbaatar,11.2,72,11.2
2024-05-25,Ulaanbaatar,10.8,52,19.4
2024-05-26,Ulaanbaatar,14.0,33,9.7
2024-05-27,Ulaanbaatar,17.0,32,14.4
2024-05-28,Ulaanbaatar,9.5,75,20.2
2024-05-29,Ulaanbaatar,6.4,77,24.1
2024-05-30,Ulaanbaatar,9.7,57,16.2
2024-05-31,Ulaanbaatar,8.7,63.6,21.4
2024-05-24,Podgorica,17.0,75,7.9
2024-05-25,Podgorica,18.8,70,7.9
2024-05-26,Podgorica,17.9,74,7.9
2024-05-27,Podgorica,17.9,76,7.6
2024-05-28,Podgorica,17.2,78,9.0
2024-05-29,Podgorica,17.6,76,7.6
2024-05-30,Podgorica,17.7,76,7.6
2024-05-31,Podgorica,17.6,77.7,7.9
2024-05-24,Rabat,18.7,76,22.0
2024-05-25,Rabat,19.0,75,18.0
2024-05-26,Rabat,19.3,76,15.8
2024-05-27,Rabat,19.0,75,19.4
2024-05-28,Rabat,19.5,70,16.2
2024-05-29,Rabat,21.4,74,15.5
2024-05-30,Rabat,21.4,76,19.1
2024-05-31,Rabat,21.6,73.4,16.1
2024-05-24,Maputo,21.1,72,12.6
2024-05-25,Maputo,21.2,79,13.7
2024-05-26,Maputo,21.8,78,11.9
2024-05-27,Maputo,21.1,76,16.2
2024-05-28,Maputo,20.7,78,13.7
2024-05-29,Maputo,21.0,75,14.0
2024-05-30,Maputo,21.5,65,17.3
2024-05-31,Maputo,21.2,70.6,16.6
2024-05-24,Windhoek,14.9,25,13.0
2024-05-25,Windhoek,14.9,28,11.9
2024-05-26,Windhoek,15.8,34,16.9
2024-05-27,Windhoek,15.2,30,27.7
2024-05-28,Windhoek,15.4,33,24.8
2024-05-29,Windhoek,15.6,29,24.5
2024-05-30,Windhoek,14.6,32,29.2
2024-05-31,Windhoek,15.2,33.3,32.8
2024-05-24,Yaren,12.1,53,19.1
2024-05-25,Yaren,10.6,65,18.7
2024-05-26,Yaren,4.8,55,19.8
2024-05-27,Yaren,13.2,49,25.2
2024-05-28,Yaren,6.5,82,9.7
2024-05-29,Yaren,6.8,59,11.9
2024-05-30,Yaren,9.7,48,5.4
2024-05-31,Yaren,7.2,58.7,6.4
2024-05-24,Kathmandu,23.1,59,6.5
2024-05-25,Kathmandu,26.1,46,6.8
2024-05-26,Kathmandu,27.2,45,11.5
2024-05-27,Kathmandu,24.3,61,13.7
2024-05-28,Kathmandu,22.3,77,9.4
2024-05-29,Kathmandu,24.1,61,8.6
2024-05-30,Kathmandu,25.4,53,9.4
2024-05-31,Kathmandu,24.4,63.7,10.9
2024-05-24,Amsterdam,13.9,87,20.2
2024-05-25,Amsterdam,14.7,85,16.9
2024-05-26,Amsterdam,14.8,82,18.0
2024-05-27,Amsterdam,13.6,75,17.6
2024-05-28,Amsterdam,13.5,80,16.6
2024-05-29,Amsterdam,13.9,88,20.5
2024-05-30,Amsterdam,13.8,84,17.3
2024-05-31,Amsterdam,13.6,82.3,17.7
2024-05-24,Wellington,10.2,81,22.0
2024-05-25,Wellington,10.7,78,23.0
2024-05-26,Wellington,9.6,79,22.0
2024-05-27,Wellington,9.6,79,14.8
2024-05-28,Wellington,9.8,76,18.4
2024-05-29,Wellington,10.5,73,55.1
2024-05-30,Wellington,10.3,66,37.1
2024-05-31,Wellington,10.1,67.7,42.6
2024-05-24,Managua,29.0,71,8.3
2024-05-25,Managua,29.1,70,9.7
2024-05-26,Managua,30.1,67,11.2
2024-05-27,Managua,30.9,62,15.8
2024-05-28,Managua,30.4,62,22.7
2024-05-29,Managua,30.0,62,23.4
2024-05-30,Managua,29.3,61,23.0
2024-05-31,Managua,30.3,57.7,28.2
2024-05-24,Niamey,37.7,26,32.0
2024-05-25,Niamey,36.9,28,32.4
2024-05-26,Niamey,35.7,35,37.4
2024-05-27,Niamey,37.6,29,26.3
2024-05-28,Niamey,38.1,28,31.3
2024-05-29,Niamey,36.7,32,34.6
2024-05-30,Niamey,33.2,43,36.7
2024-05-31,Niamey,34.9,39.0,34.7
2024-05-24,Abuja,27.1,68,13.7
2024-05-25,Abuja,26.5,75,28.8
2024-05-26,Abuja,29.3,59,18.4
2024-05-27,Abuja,27.6,74,21.6
2024-05-28,Abuja,26.5,79,13.3
2024-05-29,Abuja,29.0,70,13.0
2024-05-30,Abuja,26.9,75,13.0
2024-05-31,Abuja,27.8,75.9,11.9
2024-05-24,Skopje,16.3,71,7.2
2024-05-25,Skopje,16.9,73,13.7
2024-05-26,Skopje,15.7,81,10.8
2024-05-27,Skopje,16.3,66,6.8
2024-05-28,Skopje,17.0,60,7.9
2024-05-29,Skopje,16.5,69,8.3
2024-05-30,Skopje,16.9,70,7.2
2024-05-31,Skopje,16.8,65.4,6.9
2024-05-24,Oslo,16.2,78,6.5
2024-05-25,Oslo,18.1,68,14.4
2024-05-26,Oslo,18.0,69,14.4
2024-05-27,Oslo,14.8,88,13.7
2024-05-28,Oslo,15.1,76,14.0
2024-05-29,Oslo,11.4,90,16.6
2024-05-30,Oslo,12.3,87,8.6
2024-05-31,Oslo,11.1,90.6,14.1
2024-05-24,Muscat,34.0,36,19.4
2024-05-25,Muscat,32.6,43,15.5
2024-05-26,Muscat,33.0,43,14.4
2024-05-27,Muscat,33.2,47,13.3
2024-05-28,Muscat,34.4,40,13.3
2024-05-29,Muscat,34.9,46,16.2
2024-05-30,Muscat,35.2,45,16.2
2024-05-31,Muscat,35.3,47.1,14.1
2024-05-24,Islamabad,36.6,13,14.8
2024-05-25,Islamabad,36.2,15,20.2
2024-05-26,Islamabad,35.8,16,24.8
2024-05-27,Islamabad,35.7,15,25.2
2024-05-28,Islamabad,35.0,12,27.4
2024-05-29,Islamabad,34.7,14,25.6
2024-05-30,Islamabad,34.6,13,23.4
2024-05-31,Islamabad,34.1,13.1,28.7
2024-05-24,Jerusalem,19.4,53,36.0
2024-05-25,Jerusalem,19.2,64,38.5
2024-05-26,Jerusalem,21.5,47,14.0
2024-05-27,Jerusalem,27.0,24,25.9
2024-05-28,Jerusalem,21.6,45,32.8
2024-05-29,Jerusalem,19.9,51,32.4
2024-05-30,Jerusalem,19.0,56,32.8
2024-05-31,Jerusalem,21.1,47.3,30.1
2024-05-24,Panama City,26.3,86,8.6
2024-05-25,Panama City,25.6,90,7.6
2024-05-26,Panama City,26.8,86,5.8
2024-05-27,Panama City,26.3,89,6.8
2024-05-28,Panama City,26.1,86,10.1
2024-05-29,Panama City,26.4,84,11.5
2024-05-30,Panama City,26.1,87,15.1
2024-05-31,Panama City,26.3,85.6,13.9
2024-05-24,Port Moresby,26.5,86,20.5
2024-05-25,Port Moresby,26.5,88,21.6
2024-05-26,Port Moresby,25.4,90,14.8
2024-05-27,Port Moresby,25.8,87,17.3
2024-05-28,Port Moresby,25.8,87,20.9
2024-05-29,Port Moresby,26.0,82,23.4
2024-05-30,Port Moresby,26.2,81,23.8
2024-05-31,Port Moresby,25.8,81.6,23.1
2024-05-24,Asunción,14.4,89,17.3
2024-05-25,Asunción,12.3,68,14.0
2024-05-26,Asunción,10.8,69,10.8
2024-05-27,Asunción,12.5,72,14.8
2024-05-28,Asunción,9.2,76,11.5
2024-05-29,Asunción,12.0,76,9.0
2024-05-30,Asunción,15.2,72,8.6
2024-05-31,Asunción,12.4,70.6,7.2
2024-05-24,Lima,18.0,78,13.3
2024-05-25,Lima,18.4,75,14.0
2024-05-26,Lima,17.4,77,11.9
2024-05-27,Lima,17.6,77,13.0
2024-05-28,Lima,16.9,77,13.7
2024-05-29,Lima,17.3,76,15.8
2024-05-30,Lima,17.1,77,14.0
2024-05-31,Lima,16.8,76.6,14.7
2024-05-24,Manila,30.5,65,11.9
2024-05-25,Manila,30.8,64,12.6
2024-05-26,Manila,29.2,71,21.2
2024-05-27,Manila,28.5,78,28.1
2024-05-28,Manila,28.9,78,23.4
2024-05-29,Manila,28.9,77,15.5
2024-05-30,Manila,29.1,75,15.1
2024-05-31,Manila,28.2,81.6,20.8
2024-05-24,Warsaw,20.4,64,23.4
2024-05-25,Warsaw,20.0,63,25.2
2024-05-26,Warsaw,20.0,64,22.7
2024-05-27,Warsaw,20.1,52,21.6
2024-05-28,Warsaw,19.8,58,23.4
2024-05-29,Warsaw,20.0,63,14.0
2024-05-30,Warsaw,19.1,68,20.9
2024-05-31,Warsaw,19.3,62.6,17.4
2024-05-24,Lisbon,17.5,66,23.4
2024-05-25,Lisbon,17.6,66,20.5
2024-05-26,Lisbon,18.0,67,30.6
2024-05-27,Lisbon,17.0,62,31.3
2024-05-28,Lisbon,19.0,64,26.3
2024-05-29,Lisbon,20.3,62,25.6
2024-05-30,Lisbon,20.9,68,25.9
2024-05-31,Lisbon,21.0,64.3,28.1
2024-05-24,Doha,34.1,31,33.1
2024-05-25,Doha,35.1,29,30.2
2024-05-26,Doha,36.1,29,28.1
2024-05-27,Doha,34.2,36,36.7
2024-05-28,Doha,34.1,34,46.1
2024-05-29,Doha,35.2,32,42.1
2024-05-30,Doha,34.6,39,29.5
2024-05-31,Doha,34.7,37.9,39.5
2024-05-24,Bucharest,20.0,54,22.0
2024-05-25,Bucharest,19.5,53,25.2
2024-05-26,Bucharest,18.5,47,20.2
2024-05-27,Bucharest,14.6,67,29.5
2024-05-28,Bucharest,16.7,66,7.9
2024-05-29,Bucharest,18.3,64,13.7
2024-05-30,Bucharest,19.5,67,14.8
2024-05-31,Bucharest,17.3,71.1,10.9
2024-05-24,Moscow,14.2,46,13.0
2024-05-25,Moscow,15.9,48,16.6
2024-05-26,Moscow,18.9,60,14.4
2024-05-27,Moscow,17.5,46,13.0
2024-05-28,Moscow,18.8,58,15.5
2024-05-29,Moscow,20.8,66,13.0
2024-05-30,Moscow,21.0,58,14.8
2024-05-31,Moscow,22.5,64.6,14.2
2024-05-24,Kigali,18.7,78,8.3
2024-05-25,Kigali,19.0,76,9.0
2024-05-26,Kigali,19.3,76,7.6
2024-05-27,Kigali,18.9,83,5.8
2024-05-28,Kigali,19.5,79,7.9
2024-05-29,Kigali,19.1,79,7.9
2024-05-30,Kigali,19.5,76,6.8
2024-05-31,Kigali,19.5,78.6,6.7
2024-05-24,Basseterre,28.2,74,28.1
2024-05-25,Basseterre,28.2,77,24.1
2024-05-26,Basseterre,28.1,80,26.6
2024-05-27,Basseterre,28.5,78,29.5
2024-05-28,Basseterre,28.1,76,26.6
2024-05-29,Basseterre,27.8,78,28.1
2024-05-30,Basseterre,27.9,78,28.8
2024-05-31,Basseterre,27.9,78.7,28.8
2024-05-24,Castries,28.3,72,23.4
2024-05-25,Castries,28.5,76,25.9
2024-05-26,Castries,28.4,77,27.0
2024-05-27,Castries,28.4,74,26.3
2024-05-28,Castries,28.3,74,24.8
2024-05-29,Castries,28.4,73,24.8
2024-05-30,Castries,28.2,76,28.1
2024-05-31,Castries,28.3,75.0,27.1
2024-05-24,Kingstown,27.9,75,29.9
2024-05-25,Kingstown,28.0,82,28.8
2024-05-26,Kingstown,28.0,82,32.0
2024-05-27,Kingstown,28.2,79,31.3
2024-05-28,Kingstown,28.1,79,29.2
2024-05-29,Kingstown,28.0,80,30.2
2024-05-30,Kingstown,27.8,81,31.7
2024-05-31,Kingstown,28.0,81.3,31.2
2024-05-24,Apia,28.9,78,23.0
2024-05-25,Apia,28.6,76,23.4
2024-05-26,Apia,28.7,79,26.6
2024-05-27,Apia,28.9,77,23.8
2024-05-28,Apia,28.8,78,23.8
2024-05-29,Apia,28.6,77,19.1
2024-05-30,Apia,28.4,78,42.1
2024-05-31,Apia,28.5,77.7,32.5
2024-05-24,San Marino,18.3,66,20.5
2024-05-25,San Marino,18.0,68,10.1
2024-05-26,San Marino,18.6,71,15.1
2024-05-27,San Marino,19.2,71,12.6
2024-05-28,San Marino,18.7,79,15.1
2024-05-29,San Marino,18.3,78,13.7
2024-05-30,San Marino,20.0,72,20.2
2024-05-31,San Marino,19.6,78.7,16.2
2024-05-24,São Tomé,27.1,80,13.3
2024-05-25,São Tomé,27.2,74,14.8
2024-05-26,São Tomé,26.5,73,12.6
2024-05-27,São Tomé,26.5,74,8.3
2024-05-28,São Tomé,26.8,77,10.4
2024-05-29,São Tomé,27.0,82,16.2
2024-05-30,São Tomé,27.1,81,18.4
2024-05-31,São Tomé,26.9,80.6,15.7
2024-05-24,Riyadh,35.0,13,15.8
2024-05-25,Riyadh,36.8,12,35.3
2024-05-26,Riyadh,36.9,11,25.9
2024-05-27,Riyadh,35.1,12,25.2
2024-05-28,Riyadh,35.3,11,19.8
2024-05-29,Riyadh,35.8,11,17.6
2024-05-30,Riyadh,37.4,10,20.2
2024-05-31,Riyadh,36.6,9.9,18.8
2024-05-24,Dakar,22.9,82,25.2
2024-05-25,Dakar,22.9,83,27.7
2024-05-26,Dakar,23.2,85,25.6
2024-05-27,Dakar,23.3,83,23.0
2024-05-28,Dakar,23.5,82,21.6
2024-05-29,Dakar,24.1,83,27.0
2024-05-30,Dakar,22.8,80,31.3
2024-05-31,Dakar,23.6,81.3,27.8
2024-05-24,Belgrade,18.1,73,14.0
2024-05-25,Belgrade,19.6,63,25.6
2024-05-26,Belgrade,19.2,59,27.7
2024-05-27,Belgrade,19.9,54,24.1
2024-05-28,Belgrade,19.2,60,13.0
2024-05-29,Belgrade,18.0,72,19.1
2024-05-30,Belgrade,20.1,66,10.4
2024-05-31,Belgrade,19.6,63.6,13.6
2024-05-24,Victoria,24.3,28,36.0
2024-05-25,Victoria,24.8,25,37.4
2024-05-26,Victoria,23.9,24,28.8
2024-05-27,Victoria,24.5,25,16.6
2024-05-28,Victoria,23.0,40,37.1
2024-05-29,Victoria,22.4,43,28.8
2024-05-30,Victoria,23.5,35,25.9
2024-05-31,Victoria,22.6,41.9,24.5
2024-05-24,Freetown,27.7,81,13.7
2024-05-25,Freetown,27.3,81,14.8
2024-05-26,Freetown,28.0,81,14.8
2024-05-27,Freetown,28.1,79,16.2
2024-05-28,Freetown,28.0,79,14.8
2024-05-29,Freetown,27.8,78,14.0
2024-05-30,Freetown,28.2,80,15.5
2024-05-31,Freetown,28.2,78.3,15.4
2024-05-24,Singapore,27.2,83,9.0
2024-05-25,Singapore,28.1,76,14.4
2024-05-26,Singapore,26.6,83,16.2
2024-05-27,Singapore,27.8,79,11.9
2024-05-28,Singapore,27.4,84,15.8
2024-05-29,Singapore,28.7,80,14.0
2024-05-30,Singapore,28.3,82,24.1
2024-05-31,Singapore,28.5,81.9,21.4
2024-05-24,Bratislava,15.7,87,14.8
2024-05-25,Bratislava,16.9,82,18.0
2024-05-26,Bratislava,17.8,76,11.2
2024-05-27,Bratislava,19.4,64,14.8
2024-05-28,Bratislava,15.7,79,27.0
2024-05-29,Bratislava,16.1,70,19.1
2024-05-30,Bratislava,16.9,70,11.2
2024-05-31,Bratislava,16.9,65.1,17.6
2024-05-24,Ljubljana,14.2,81,13.0
2024-05-25,Ljubljana,15.6,74,6.5
2024-05-26,Ljubljana,16.0,77,13.3
2024-05-27,Ljubljana,15.9,78,12.6
2024-05-28,Ljubljana,15.6,87,7.9
2024-05-29,Ljubljana,15.9,80,6.1
2024-05-30,Ljubljana,15.2,87,13.7
2024-05-31,Ljubljana,15.9,86.3,9.9
2024-05-24,Honiara,27.5,84,17.6
2024-05-25,Honiara,27.6,83,16.2
2024-05-26,Honiara,27.5,83,16.2
2024-05-27,Honiara,27.2,85,13.3
2024-05-28,Honiara,27.3,84,19.4
2024-05-29,Honiara,26.7,88,18.4
2024-05-30,Honiara,25.8,89,20.9
2024-05-31,Honiara,26.1,88.9,19.9
2024-05-24,Mogadishu,28.0,80,34.6
2024-05-25,Mogadishu,27.1,83,34.2
2024-05-26,Mogadishu,27.5,80,35.6
2024-05-27,Mogadishu,27.4,79,36.4
2024-05-28,Mogadishu,27.1,81,37.1
2024-05-29,Mogadishu,27.0,79,36.0
2024-05-30,Mogadishu,27.2,76,33.1
2024-05-31,Mogadishu,26.9,77.0,35.4
2024-05-24,Pretoria,18.5,27,9.0
2024-05-25,Pretoria,17.0,34,10.4
2024-05-26,Pretoria,17.5,24,6.8
2024-05-27,Pretoria,17.8,24,11.5
2024-05-28,Pretoria,16.3,48,8.6
2024-05-29,Pretoria,16.8,35,8.3
2024-05-30,Pretoria,16.4,33,15.5
2024-05-31,Pretoria,16.1,38.4,12.5
2024-05-24,Juba,24.5,86,10.1
2024-05-25,Juba,25.5,74,12.2
2024-05-26,Juba,27.5,71,14.0
2024-05-27,Juba,26.5,75,7.2
2024-05-28,Juba,28.2,66,15.5
2024-05-29,Juba,28.9,60,11.5
2024-05-30,Juba,28.0,65,12.2
2024-05-31,Juba,29.6,57.3,12.7
2024-05-24,Madrid,19.9,40,21.2
2024-05-25,Madrid,21.5,30,24.5
2024-05-26,Madrid,22.4,34,23.8
2024-05-27,Madrid,23.4,37,23.4
2024-05-28,Madrid,23.3,40,20.5
2024-05-29,Madrid,25.3,34,15.8
2024-05-30,Madrid,25.9,36,29.5
2024-05-31,Madrid,26.9,36.1,23.3
2024-05-24,Colombo,27.3,87,38.2
2024-05-25,Colombo,27.3,85,33.5
2024-05-26,Colombo,28.1,81,26.6
2024-05-27,Colombo,27.8,84,25.2
2024-05-28,Colombo,27.0,86,23.4
2024-05-29,Colombo,27.9,83,29.2
2024-05-30,Colombo,27.9,83,30.2
2024-05-31,Colombo,27.9,82.6,24.4
2024-05-24,Khartoum,37.4,11,18.0
2024-05-25,Khartoum,37.5,10,15.8
2024-05-26,Khartoum,37.5,7,29.9
2024-05-27,Khartoum,36.5,6,20.9
2024-05-28,Khartoum,38.2,5,13.3
2024-05-29,Khartoum,38.8,11,19.1
2024-05-30,Khartoum,39.2,9,32.4
2024-05-31,Khartoum,39.1,7.6,26.1
2024-05-24,Paramaribo,26.4,88,10.4
2024-05-25,Paramaribo,24.6,93,15.8
2024-05-26,Paramaribo,25.0,94,13.3
2024-05-27,Paramaribo,25.5,93,10.1
2024-05-28,Paramaribo,26.1,88,11.5
2024-05-29,Paramaribo,25.8,86,11.2
2024-05-30,Paramaribo,25.9,88,13.7
2024-05-31,Paramaribo,25.9,87.1,12.1
2024-05-24,Stockholm,15.7,81,16.9
2024-05-25,Stockholm,15.7,79,13.3
2024-05-26,Stockholm,15.9,77,17.6
2024-05-27,Stockholm,16.6,74,22.3
2024-05-28,Stockholm,17.7,62,18.7
2024-05-29,Stockholm,16.0,66,15.8
2024-05-30,Stockholm,15.9,66,14.8
2024-05-31,Stockholm,16.6,59.9,17.0
2024-05-24,Bern,11.4,82,6.8
2024-05-25,Bern,12.4,80,6.5
2024-05-26,Bern,13.9,76,13.3
2024-05-27,Bern,12.3,95,8.6
2024-05-28,Bern,12.6,78,6.1
2024-05-29,Bern,12.1,83,10.1
2024-05-30,Bern,12.3,93,13.7
2024-05-31,Bern,12.5,89.7,12.3
2024-05-24,Damascus,21.5,33,30.6
2024-05-25,Damascus,21.0,45,31.3
2024-05-26,Damascus,22.4,33,23.0
2024-05-27,Damascus,25.2,27,33.5
2024-05-28,Damascus,25.0,29,27.7
2024-05-29,Damascus,23.2,31,25.2
2024-05-30,Damascus,22.9,34,22.7
2024-05-31,Damascus,24.6,29.0,23.3
2024-05-24,Taipei,23.2,93,6.1
2024-05-25,Taipei,25.0,80,7.2
2024-05-26,Taipei,26.8,76,12.6
2024-05-27,Taipei,26.5,78,12.6
2024-05-28,Taipei,21.9,88,13.0
2024-05-29,Taipei,22.9,66,22.3
2024-05-30,Taipei,26.9,70,11.5
2024-05-31,Taipei,25.0,66.6,18.9
2024-05-24,Dushanbe,21.1,58,16.9
2024-05-25,Dushanbe,19.8,71,11.2
2024-05-26,Dushanbe,19.5,68,10.8
2024-05-27,Dushanbe,20.9,54,7.2
2024-05-28,Dushanbe,21.3,50,16.2
2024-05-29,Dushanbe,20.9,48,8.6
2024-05-30,Dushanbe,20.6,48,12.2
2024-05-31,Dushanbe,20.9,43.3,9.9
2024-05-24,Dodoma,20.9,70,14.4
2024-05-25,Dodoma,21.9,64,15.1
2024-05-26,Dodoma,21.9,63,21.2
2024-05-27,Dodoma,22.1,57,19.4
2024-05-28,Dodoma,21.1,62,16.9
2024-05-29,Dodoma,20.9,58,15.8
2024-05-30,Dodoma,21.0,60,14.4
2024-05-31,Dodoma,21.0,55.9,16.3
2024-05-24,Bangkok,26.8,89,15.8
2024-05-25,Bangkok,29.3,75,21.6
2024-05-26,Bangkok,30.1,69,16.6
2024-05-27,Bangkok,31.3,59,19.1
2024-05-28,Bangkok,31.9,54,20.9
2024-05-29,Bangkok,31.7,55,18.4
2024-05-30,Bangkok,31.9,57,18.4
2024-05-31,Bangkok,33.6,43.9,19.5
2024-05-24,Lomé,28.8,74,23.0
2024-05-25,Lomé,28.4,75,23.0
2024-05-26,Lomé,28.1,74,16.9
2024-05-27,Lomé,28.7,70,20.9
2024-05-28,Lomé,28.5,70,23.4
2024-05-29,Lomé,29.0,68,25.2
2024-05-30,Lomé,29.2,69,26.6
2024-05-31,Lomé,29.1,66.7,25.8
2024-05-24,Port of Spain,27.9,69,17.6
2024-05-25,Port of Spain,27.8,77,20.5
2024-05-26,Port of Spain,27.3,78,16.2
2024-05-27,Port of Spain,27.4,75,18.7
2024-05-28,Port of Spain,27.7,73,22.0
2024-05-29,Port of Spain,27.6,74,22.7
2024-05-30,Port of Spain,27.5,75,19.4
2024-05-31,Port of Spain,27.4,75.4,21.8
2024-05-24,Tunis,24.1,44,23.4
2024-05-25,Tunis,23.7,51,26.3
2024-05-26,Tunis,21.4,64,19.1
2024-05-27,Tunis,23.3,48,20.5
2024-05-28,Tunis,24.4,49,25.2
2024-05-29,Tunis,22.8,57,27.7
2024-05-30,Tunis,23.4,53,21.2
2024-05-31,Tunis,23.2,55.7,23.7
2024-05-24,Ankara,14.5,72,23.0
2024-05-25,Ankara,14.9,65,15.1
2024-05-26,Ankara,15.4,61,12.2
2024-05-27,Ankara,11.7,83,13.7
2024-05-28,Ankara,13.5,73,10.8
2024-05-29,Ankara,15.8,58,12.2
2024-05-30,Ankara,16.6,62,11.9
2024-05-31,Ankara,15.5,63.1,8.3
2024-05-24,Ashgabat,21.3,58,14.4
2024-05-25,Ashgabat,23.5,38,16.9
2024-05-26,Ashgabat,23.1,28,33.5
2024-05-27,Ashgabat,25.9,18,21.2
2024-05-28,Ashgabat,26.7,16,14.4
2024-05-29,Ashgabat,28.1,19,22.7
2024-05-30,Ashgabat,27.7,17,20.9
2024-05-31,Ashgabat,29.8,3.0,22.3
2024-05-24,Funafuti,29.4,74,16.6
2024-05-25,Funafuti,29.6,74,19.1
2024-05-26,Funafuti,29.5,74,22.0
2024-05-27,Funafuti,29.3,76,23.4
2024-05-28,Funafuti,29.3,76,23.8
2024-05-29,Funafuti,28.9,77,21.6
2024-05-30,Funafuti,29.2,76,28.4
2024-05-31,Funafuti,29.0,77.3,28.2
2024-05-24,Kampala,20.0,87,9.4
2024-05-25,Kampala,20.0,84,8.6
2024-05-26,Kampala,22.5,75,9.4
2024-05-27,Kampala,23.0,68,12.6
2024-05-28,Kampala,23.5,66,14.8
2024-05-29,Kampala,23.0,70,15.1
2024-05-30,Kampala,23.1,71,15.5
2024-05-31,Kampala,24.5,62.3,17.4
2024-05-24,Kyiv,16.5,76,22.0
2024-05-25,Kyiv,16.4,55,19.1
2024-05-26,Kyiv,16.6,57,16.2
2024-05-27,Kyiv,19.2,59,16.2
2024-05-28,Kyiv,19.2,64,19.4
2024-05-29,Kyiv,18.6,64,20.2
2024-05-30,Kyiv,17.5,70,16.9
2024-05-31,Kyiv,19.1,64.6,17.2
2024-05-24,Abu Dhabi,32.4,46,35.6
2024-05-25,Abu Dhabi,31.5,56,28.1
2024-05-26,Abu Dhabi,32.8,50,20.2
2024-05-27,Abu Dhabi,33.9,47,22.7
2024-05-28,Abu Dhabi,31.8,55,23.8
2024-05-29,Abu Dhabi,32.2,58,22.7
2024-05-30,Abu Dhabi,33.5,46,19.1
2024-05-31,Abu Dhabi,33.1,52.4,16.5
2024-05-24,London,14.0,64,8.3
2024-05-25,London,14.8,63,15.8
2024-05-26,London,14.4,81,21.2
2024-05-27,London,13.0,70,20.5
2024-05-28,London,12.8,94,18.7
2024-05-29,London,14.8,73,18.7
2024-05-30,London,13.8,73,19.8
2024-05-31,London,13.6,82.6,23.0
2024-05-24,"Washington, D.C.",27.8,85,29.2
2024-05-25,"Washington, D.C.",27.6,86,29.5
2024-05-26,"Washington, D.C.",27.8,87,33.5
2024-05-27,"Washington, D.C.",27.5,85,39.2
2024-05-28,"Washington, D.C.",27.7,86,43.6
2024-05-29,"Washington, D.C.",27.7,86,41.8
2024-05-30,"Washington, D.C.",27.7,87,41.4
2024-05-31,"Washington, D.C.",27.7,86.7,47.1
2024-05-24,Montevideo,10.2,72,25.2
2024-05-25,Montevideo,9.3,63,22.7
2024-05-26,Montevideo,9.4,69,13.3
2024-05-27,Montevideo,10.1,77,16.6
2024-05-28,Montevideo,12.2,87,18.0
2024-05-29,Montevideo,11.8,88,14.0
2024-05-30,Montevideo,13.0,80,10.1
2024-05-31,Montevideo,13.2,89.7,8.8
2024-05-24,Tashkent,22.7,58,18.7
2024-05-25,Tashkent,24.8,44,24.1
2024-05-26,Tashkent,15.5,32,31.0
2024-05-27,Tashkent,20.8,31,13.0
2024-05-28,Tashkent,22.8,33,20.5
2024-05-29,Tashkent,22.5,41,17.3
2024-05-30,Tashkent,24.3,34,14.0
2024-05-31,Tashkent,23.0,28.0,14.3
2024-05-24,Port Vila,23.7,81,27.7
2024-05-25,Port Vila,23.5,76,29.9
2024-05-26,Port Vila,23.6,78,28.1
2024-05-27,Port Vila,23.4,73,23.0
2024-05-28,Port Vila,23.5,70,26.6
2024-05-29,Port Vila,23.4,70,34.6
2024-05-30,Port Vila,23.5,68,35.6
2024-05-31,Port Vila,23.4,65.3,33.9
2024-05-24,Vatican City,19.6,59,17.6
2024-05-25,Vatican City,16.2,70,13.3
2024-05-26,Vatican City,19.9,60,18.0
2024-05-27,Vatican City,20.7,56,17.6
2024-05-28,Vatican City,20.5,60,17.3
2024-05-29,Vatican City,20.3,67,19.1
2024-05-30,Vatican City,20.5,65,16.9
2024-05-31,Vatican City,21.3,64.1,18.4
2024-05-24,Caracas,20.6,83,4.7
2024-05-25,Caracas,22.0,81,6.1
2024-05-26,Caracas,22.4,83,6.5
2024-05-27,Caracas,21.1,87,6.5
2024-05-28,Caracas,22.2,84,9.0
2024-05-29,Caracas,21.0,79,8.3
2024-05-30,Caracas,20.0,87,7.6
2024-05-31,Caracas,20.8,84.7,9.2
2024-05-24,Hanoi,28.4,73,17.6
2024-05-25,Hanoi,28.8,75,21.2
2024-05-26,Hanoi,26.9,84,14.4
2024-05-27,Hanoi,27.0,86,9.4
2024-05-28,Hanoi,29.0,76,7.2
2024-05-29,Hanoi,29.2,80,15.8
2024-05-30,Hanoi,27.9,86,22.7
2024-05-31,Hanoi,28.4,85.9,15.1
2024-05-24,Sanaa,23.7,27,16.2
2024-05-25,Sanaa,23.5,36,9.7
2024-05-26,Sanaa,24.3,31,21.6
2024-05-27,Sanaa,24.1,18,29.9
2024-05-28,Sanaa,24.1,19,30.2
2024-05-29,Sanaa,23.9,17,32.0
2024-05-30,Sanaa,23.3,17,33.1
2024-05-31,Sanaa,23.8,12.1,39.5
2024-05-24,Lusaka,19.1,61,16.6
2024-05-25,Lusaka,19.1,50,16.9
2024-05-26,Lusaka,18.3,54,16.6
2024-05-27,Lusaka,18.1,47,18.4
2024-05-28,Lusaka,16.6,46,21.2
2024-05-29,Lusaka,16.5,50,17.3
2024-05-30,Lusaka,18.0,49,14.4
2024-05-31,Lusaka,16.5,44.7,17.2
2024-05-24,Harare,18.1,57,12.2
2024-05-25,Harare,16.7,43,10.8
2024-05-26,Harare,16.0,50,12.2
2024-05-27,Harare,15.6,44,16.2
2024-05-28,Harare,14.7,40,15.5
2024-05-29,Harare,15.5,52,11.9
2024-05-30,Harare,15.9,59,11.2
2024-05-31,Harare,14.6,51.3,13.2
